id;name;image;search;twitter;twitter2;instagram
1;Alberto Rodríguez;alberto-rodriguez.jpg;albertorodriguez;https://twitter.com/777albertor;;
2;Carlos Vermut;carlos-vermut.jpg;CarlosVermut;https://twitter.com/magicalgirlfilm;;
3;Daniel Monzón;daniel-monzon.jpg;DanielMonzon;https://twitter.com/elnino_pelicula;;
4;Damián Szifrón;damian-szifron.jpg;;https://twitter.com/DamianSzifron;;
5;Carlos Marques-Marcet;carlos-marques-marcet;;;;
6;Beatriz Sanchís;beatriz-sanchis.jpg;;https://twitter.com/beatriz_sanchis;;
7;Juanfer Andrés y Esteban Roel;juanfer-esteban.jpg;;https://twitter.com/juanferandres ;https://twitter.com/estebanroel;
8;Curro Sánchez Varela;curro-sanchez-varela.jpg;;;;
9;Javier Gutiérrez;javier-gutierrez;;https://twitter.com/javiergutialva;;
10;Raúl Arévalo;raul-arevalo.jpg;Raúl Arévalo;https://twitter.com/RaulArevaloZ;;
11;Luis Bermejo;luis-bermejo;;https://twitter.com/bermejoluis;;
12;Ricardo Darín;ricardo-darin;Rdarin;https://twitter.com/RicardoDarinOk;;
13;José Sacristán;jose-sacristan.jpg;;;;
14;Eduard Fernández;eduard-fernandez.jpg;;;;
15;Karra Elejalde;karra-elejalde.jpg;;;;
16;Antonio de la Torre;antonio-delatorre.jpg;;https://twitter.com/atorrem;;
17;Jesús Castro;jesus-castro.jpg;;https://twitter.com/jesus_castro_5;;http://instagram.com/jesuscastroactor
18;David Verdaguer;david-verdaguer.jpg;;https://twitter.com/DavidVerdaguer;;
19;Dani Rovira;dani-rovira.jpg;Daniel Rovira;https://twitter.com/DANIROVIRA;;http://instagram.com/danirovira
20;Israel Elejalde;israel-elejalde.jpg;Isra Elejalde;https://twitter.com/IsraelElejalde;;
21;Bárbara Lennie;barbara-lennie.jpg;Bárbara Lenie, Bárbara Leni, Bárbara Lenni;https://twitter.com/barbara_lennie;;
22;Elena Anaya;elena-anaya.jpg;Elena Analla;;;
23;Macarena Gómez;macarena-gomez.jpg;;https://twitter.com/GmezMacarena;;http://instagram.com/macamaki/
24;María León;maria-leon.jpg;;https://twitter.com/laleonademaria;;http://instagram.com/marialeonbarrios/
25;Bárbara Lennie;barbara-lennie.jpg;Bárbara Lenie, Bárbara Leni, Bárbara Lenni;https://twitter.com/barbara_lennie;;
26;Goya Toledo;goya-toledo.jpg;;https://twitter.com/GOYATOLEDO;;http://instagram.com/goyatoledo/
27;Carmen Machi;carmen-machi.jpg;;;;
28;Mercedes León;mercedes-leon.jpg;;https://twitter.com/merlegalg;;
29;Nerea Barros;nerea-barros.jpg;;https://twitter.com/BarrosNerea;;http://instagram.com/nereabarrosn/
30;Natalia Tena;natalia-tena.jpg;;https://twitter.com/NatTenaLady;;
31;Yolanda Ramos;yolanda-ramos.jpg;;;;
32;Ingrid García Jonsson;ingrid-garcia-jonsson.jpg;Ingrid García, Ingrid Garcia Johnson, Ingrid García Johnson, Ingrid Garcia Jonsson;https://twitter.com/giajons;;http://instagram.com/giajons/
33;India Martínez;india-martinez.jpg;India Martinez;https://twitter.com/indiamartinez;;http://instagram.com/india_martinez_oficial
34;David Demaría;david-demaria.jpg;David De María, David de Maria;https://twitter.com/ddmoficial;;
35;Leire Martínez;leire-martinez.jpg;Leyre Martinez, Leire Martin;https://twitter.com/LeireMo;;
36;Luis Ivars;Luis_Ivars.jpg;;;;
37;Macaco;macaco.jpg;Dani Macaco, Dani Carbonell, Mono Loco;https://twitter.com/macacomusic;;
38;Antonio Banderas;antonio-banderas.jpg;Banderas;;;
39;Dani Rovira;;;;;
40;Michelle Jenner;michelle-jenner.jpg;Michelle Jenner, MichelleJWeb;https://twitter.com/MichelleJWeb;;http://instagram.com/jennermichelle
41;Hugo Silva;hugo-silva.jpg;Hugo Silva, rastacai;https://twitter.com/rastacai;;http://instagram.com/rastacai/
42;Blanca Suárez;blanca-suarez.jpg;Blanca Suárez, blancasuarezweb;https://twitter.com/blancasuarezweb;;http://instagram.com/blanca_suarez
43;Miguel Ángel Muñoz;miguel-angel_munoz.jpg;Miguel Ángel Muñoz, miguelamunoz;https://twitter.com/miguelamunoz;;http://instagram.com/miguelamunoz
44;Alex Gonzalez;alex-gonzalez.jpg;Alex Gonzalez, alexgonzalezact;https://twitter.com/alexgonzalezact;;http://instagram.com/alexgonzalezact
45;Miriam Giovanelli;miriam-giovanelli.jpg;Miriam Giovanelli, Miri_giovanelli;https://twitter.com/Miri_giovanelli;;
46;Alex O’Dogherty;alex-odogherty.jpg;Alex O’Dogherty, AlexODogherty;https://twitter.com/AlexODogherty;;http://instagram.com/AlexODogherty
47;Marta Etura;marta-etura.jpg;Marta Etura;;;
48;Judith Colell;;Judith Colell, ColellJudith;https://twitter.com/ColellJudith;;
49;Secun de la Rosa;secun-delarosa.jpg;Secun de la Rosa, secundelarosa;https://twitter.com/secundelarosa;;
50;Adrian Lastra;adrian-lastra.jpg;Adrian Lastra, Adrian_Lastra;https://twitter.com/Adrian_Lastra;;http://instagram.com/Adrian_Lastra
51;Dafne Fernández;dafne-fernandez.jpg;Dafne Fernández, dafnefdez;https://twitter.com/dafnefdez;;http://instagram.com/dafnefernandez
52;Fernando Tejero;fernando-tejero.jpg;Fernando Tejero, fertejerom;https://twitter.com/fertejerom;;
53;Lucía Jiménez;lucia-jimenez.jpg;Lucía Jiménez;;;
54;Carolina Bang;carolina-bang.jpg;Carolina Bang, acapipola;https://twitter.com/acapipola;;http://instagram.com/carolinabang
55;Macarena García;macarena-garcia.jpg;Macarena García, macarenagarcia0;https://twitter.com/macarenagarcia0;;http://instagram.com/macarena_garcia_
56;Manuela Velasco;manuela-velasco.jpg;Manuela Velasco;;;http://instagram.com/manuelavelascooficial
57;Julián López;julian-lopez.jpg;Julián López, JulianLopez_;https://twitter.com/JulianLopez_;;http://instagram.com/julian_lopez
58;Antonio Resines;antonio-resines.jpg;Antonio Resines. antonioresines;https://twitter.com/antonioresines;;
59;Silvia Abascal;silvia_abascal.jpg;Silvia Abascal;;;
60;Ernesto Alterio;ernesto-alterio.jpg;Ernesto Alterio;;;
61;Verónica Forqué;veronica-forque.jpg;Verónica Forqué, veronicaforque;https://twitter.com/veronicaforque;;
62;Eduardo Noriega;eduardo-noriega.jpg;Eduardo Noriega, Norihouse;https://twitter.com/Norihouse;;
63;Assumpta Serna;assumpta-serna.jpg;Assumpta Serna, assumptaserna;https://twitter.com/assumptaserna;;
64;Celia Freijeiro;celia-freijeiro.jpg;Celia Freijeiro, CeliaFreijeiro;https://twitter.com/CeliaFreijeiro;;
65;Carlos Santos;carlos-santos.jpg;Carlos Santos, carlos_santos_r;https://twitter.com/carlos_santos_r;;http://instagram.com/carlossantosr
66;Carmen Ruiz;carmen-ruiz.jpg;Carmen Ruiz, _CarmenRuiz;https://twitter.com/_CarmenRuiz;;http://instagram.com/carmenruiz
67;Nacho Vigalondo;nacho-vigalondo.jpg;Nacho Vigalondo, vigalondo;https://twitter.com/vigalondo;;
68;Concha Velasco;concha-velasco.jpg;Concha Velasco;;;
69;Andrea Duro;andrea-duro.jpg;Andrea Duro, AndreaDuro66;https://twitter.com/AndreaDuro66;;http://instagram.com/andreaduro
70;Aitana Sánchez Gijón;aitana-sanchezgijon.jpg;Aitana Sánchez Gijón;;;
71;Paco León;paco-leon.jpg;Paco León, pacoleonbarrios;https://twitter.com/pacoleonbarrios;;http://instagram.com/pacoleon
72;Ana Belén;ana-belen.jpg;Ana Belén;;;
73;Juan Antonio Bayona;juanantonio_bayona.jpg;Juan Antonio Bayona, FilmBayona;https://twitter.com/FilmBayona;;
74;Pablo Berger;pablo_berger.jpg;Pablo Berger;;;
75;Jose Coronado;jose-coronado.jpg;Jose Coronado, _josecoronado_;https://twitter.com/_josecoronado_;;
76;Paula Echevarría;paula-echevarria.jpg;Paula Echevarría;;;http://instagram.com/pau_eche
77;Toni Acosta;toni-acosta.jpg;Toni Acosta, AcostaToni;https://twitter.com/AcostaToni;;http://instagram.com/acostatoni
78;Dolores promesas;;Dolores promesas, dolorestweets;https://twitter.com/dolorestweets;;http://instagram.com/alipromesas
79;Carrera y Carrera;;Carrera y Carrera, CarrerayCarrera;https://twitter.com/CarrerayCarrera;;http://instagram.com/carreraycarreraofficial
80;GermainedeCapuccini;;GermainedeCapuccini, Germaine_Esp;https://twitter.com/Germaine_Esp;;http://instagram.com/Germaine_Esp
81;Quim Gutierrez;quim-gutierrez.jpg;Quim Gutierrez, quimyo;https://twitter.com/quimyo;;http://instagram.com/quimyo
82;Nieves Álvarez;nieves-alvarez.jpg;Nieves Álvarez, officialnievesa, NievesAlvarez;https://twitter.com/OfficialNievesA;;http://instagram.com/officialnievesa
83;Norma Ruiz;norma-ruiz.jpg;Norma Ruiz;;;http://instagram.com/Normaruizita
84;Canco Rodriguez;canco-rodriguez.jpg;;https://twitter.com/cancorodriguez;;
85;Manuela Vellés;;Manuela Vellés;https://twitter.com/manuela_velles;;http://instagram.com/manuelavelles
86;Juana Acosta;juana-acosta.jpg;Juana Acosta, juana_acosta;https://twitter.com/juana_acosta;;http://instagram.com/juana_acosta
87;Pilar Rubio;pilar-rubio.jpg;Pilar Rubio, PilarRubio_;https://twitter.com/PilarRubio_;;http://instagram.com/PilarRubio_
88;Santi Millan;santi_millan.jpg;Santi Millan, Santi_Millan;https://twitter.com/Santi_Millan;;
89;Irene Montala;irene-montala.jpg;Irene Montala, Irene_montala_;https://twitter.com/Irene_montala_;;http://instagram.com/irenemontala
90;Martin Rivas;martin_rivas.jpg;Martin Rivas, martinrivas25;https://twitter.com/martinrivas25;;
91;Aitor Luna;aitor_luna.jpg;Aitor Luna, aitor__luna;https://twitter.com/aitor__luna;;http://instagram.com/aitorluna1
92;Bárbara Goenaga;barbara-goenaga.jpg;BarbaraGoenaga;https://twitter.com/BarbaraGoenaga;;http://instagram.com/BarbaraGoenaga
93;Sandra Cervera;sandra-cervera.jpg;Sandra Cervera, sandracerverap;https://twitter.com/sandracerverap;;
94;Premios Goya;;PremiosGoyaEs;https://twitter.com/PremiosGoyaEs;;
95;Academia de cine;;AcademiaCineEs;https://twitter.com/AcademiaCineEs;;
96;Alex de la Iglesia;alex-delaiglesia.jpg;Alex de la Iglesia, alexdelaIglesia;https://twitter.com/alexdelaIglesia;;http://instagram.com/alexdelaIglesia
97;Verónica Echegui;veronica-echegui.jpg;Verónica Echegui, VEchegui;https://twitter.com/VEchegui;;http://instagram.com/VEchegui
98;Leticia Dolera;leticia-dolera.jpg;Leticia Dolera, LeticiaDolera;https://twitter.com/LeticiaDolera;;
99;Natalia Verbeke;natalia-verbeke.jpg;Natalia Verbeke, Laverbeke;https://twitter.com/Laverbeke;;http://instagram.com/nataliaverbeke
100;Clara Lago;clara-lago.jpg;Clara Lago, ClaraLago1;https://twitter.com/ClaraLago1;;http://instagram.com/ClaraLago1
101;Adriana Ugarte;adriana-ugarte.jpg;Adriana Ugarte, adrianaugarte10;https://twitter.com/adrianaugarte10;;http://instagram.com/adrianaugarte10
102;Úrsula Corberó;ursula-corbero.jpg;Úrsula Corberó, ursulolita;https://twitter.com/ursulolita;;http://instagram.com/ursulolita
103;María Valverde;maria-valverde.jpg;María Valverde, mariavalverde;https://twitter.com/mariavalverde;;
104;Mario Casas;mario-casas.jpg;Mario Casas, mario_casas_;https://twitter.com/mario_casas_;;http://instagram.com/mario__casas
105;Miguel Angel Silvestre;miguelangel-silvestre.jpg;Miguel Angel Silvestre, ma_silvestre;https://twitter.com/ma_silvestre;;http://instagram.com/miguelangelsilvestre
106;Asier Etxeandia;asier-etxeandia.jpg;Asier Etxeandia, asieretxeandia;https://twitter.com/asieretxeandia;;
107;David Delfin;;David Delfin, davidelfin_co;https://twitter.com/davidelfin_co;;http://instagram.com/davidelfin_co
108;Pelayo Díaz;;Pelayo Díaz, princepelayo;https://twitter.com/princepelayo;;http://instagram.com/princepelayo
109;Bimba Bosé;;Bimba Bosé, bimbasecas;https://twitter.com/bimbasecas;;http://instagram.com/bimbasecas
110;Belén Rueda;belen-rueda;Belén Rueda;;;
111;Alejandro Amenábar;alejandro-amenabar;Alejandro Amenábar;;;
112;Aída Folch;aida-folch;Aída Folch, AidaFolch1;https://twitter.com/AidaFolch1;;http://instagram.com/aidafolch
113;Marisa Paredes;marisa-paredes;Marisa Paredes;;;
114;Mar Saura;mar-saura.jpg;Mar Saura, marsaura;https://twitter.com/marsaura;;http://instagram.com/marsaura
115;Candela Peña;candela-pena.jpg;Candela Peña;;;
116;Carlos Areces;carlos-areces.jpg;Carlos Areces;;;
117;Eva Hache;eva-hache.jpg;Eva Hache, eva_hache;https://twitter.com/eva_hache;;
118;Amaia Salamanca;amaia-salamanca.jpg;Amaia Salamanca, AmaiawebOficial;https://twitter.com/AmaiawebOficial;;
119;Natasha Yarovenko;natasha-yarovenko.jpg;Natasha Yarovenko, NatYarovenko;https://twitter.com/NatYarovenko;;
120;Santiago Segura;santiago-segura.jpg;Santiago Segura, SSantiagosegura;https://twitter.com/SSantiagosegura;;http://instagram.com/ssantiagosegura
121;Rossy de Palma;rossy-depalma.jpg;Rossy de Palma, rossydpalma;https://twitter.com/rossydpalma;;http://instagram.com/rossydpalma
122;Ana de Armas;ana-dearmas.jpg;Ana de Armas;;;http://instagram.com/ana_d_armas
123;Unax Ugalde;;Unax Ugalde, unaxugalde;https://twitter.com/unaxugalde;;
124;Miriam Díaz-Aroca;miriam-diaz-aroca.jpg;Miriam Díaz-Aroca, MiriamDiazAroca;https://twitter.com/MiriamDiazAroca;;
125;Nerea Garmendia;nerea-garmendia.jpg;Nerea Garmendia, nereagarmendia9;https://twitter.com/nereagarmendia9;;http://instagram.com/nerea_garmendia
126;Jesús Olmedo;jesus-olmedo.jpg;Jesús Olmedo, _JesusOlmedo;https://twitter.com/_JesusOlmedo;;
127;GHD;;GHD, ghdspain;https://twitter.com/ghdspain;;http://instagram.com/ghdspain
128;LOréal Professionnel;;LOréal Professionnel, loreal_profess;https://twitter.com/loreal_profess;;http://instagram.com/lorealparis_es
129;Víctor Blanco;;Víctor Blanco. VB_VictorBlanco;https://twitter.com/VB_VictorBlanco;;http://instagram.com/Victorblancolobe
130;Diana Aller;;Diana Aller, DianaAller;https://twitter.com/DianaAller;;
131;Joyería Yanes;;Joyería Yanes;;;http://instagram.com/joyeriayanes
132;Salón Cheska;;Salón Cheska;;;http://instagram.com/saloncheska
133;Natalia Belda;;Natalia Belda, natalianatalita;https://twitter.com/natalianatalita;;http://instagram.com/natalia_natalita
134;Aristocrazy Joyas;;Aristocrazy Joyas, aristocrazy;https://twitter.com/aristocrazy;;http://instagram.com/aristocrazy
135;Carlotta Cosials;;Carlotta Cosials, carlottacosials;https://twitter.com/carlottacosials;;http://instagram.com/carlottacosi
136;Cristina Pedroche;;Cristina Pedroche, CristiPedroche;https://twitter.com/CristiPedroche;;http://instagram.com/cristipedroche
137;Elena Furiase;;Elena Furiase, FuriaseElena;https://twitter.com/FuriaseElena;;http://instagram.com/elenafuriase
138;Bernabé Fernández;;Bernabé Fernández, soybernabe;https://twitter.com/soybernabe;;
139;Oscar Jaenada;;Oscar Jaenada, oscarjaenada;https://twitter.com/oscarjaenada;;
140;Sergio Pazos;;Sergio Pazos. PazosSergio;https://twitter.com/PazosSergio;;
141;Adriana Abenia;;Adriana Abenia. abeniaadriana;https://twitter.com/abeniaadriana;;http://instagram.com/adrianaabenia
142;Christian Galvez;;Christian Galvez, ChristianG_7;https://twitter.com/ChristianG_7;;http://instagram.com/galvezchristian
143;Álex García;alex-garcia.jpg;Álex García, alexgarcia_web;https://twitter.com/alexgarcia_web;;
144;Maxi Iglesias;maxi-iglesias.jpg;Maxi Iglesias;https://twitter.com/Maxi_Iglesias;;http://instagram.com/maxi_iglesias
145;Alberto Ammann;alberto-amman.jpg;Alberto Ammann, AlbertoAmmann;https://twitter.com/AlbertoAmmann;;
146;María Adanez;maria-adanez.jpg;María Adanez, mariadanez;https://twitter.com/mariadanez;;
147;Almudena Cid;almudena-cid.jpg;Almudena Cid, almudenacid;https://twitter.com/almudenacid;;
148;Andrés Velencoso;andres-velencoso.jpg;Andrés Velencoso, andresvelencoso;https://twitter.com/andresvelencoso;;http://instagram.com/andresvelencoso
149;Rubén Ochandiano;ruben-ochandiano.jpg;Rubén Ochandiano, rubenochandiano;https://twitter.com/rubenochandiano;;http://instagram.com/rubenochandiano
150;Irene Escolar;irene-escolar.jpg;Irene Escolar, IreneEscolar1;https://twitter.com/IreneEscolar1;;
151;Antonia San Juan;;Antonia San Juan, Antoniasanjua;https://twitter.com/Antoniasanjua;;
152;Kira Miró;kira-miro.jpg;Kira Miró, KiraMiro;https://twitter.com/KiraMiro;;http://instagram.com/kiramiro
153;Tristán Ulloa;tristan-ulloa.jpg;Tristán Ulloa, TrisUlloa;https://twitter.com/TrisUlloa;;
154;José Corbacho;jose-corbacho.jpg;José Corbacho, josecorbacho;https://twitter.com/josecorbacho;;
155;Estrella Morente;estrella-morente;Estrella Morente, EstrellaMorente;https://twitter.com/EstrellaMorente;;
156;Jorge Drexler;;Jorge Drexler, drexlerjorge;https://twitter.com/drexlerjorge;;
157;Cayetana Guillén Cuervo;cayetana-guillen.jpg;Cayetana Guillén Cuervo, cayetanagc;https://twitter.com/cayetanagc;;
158;Rodrigo Cortés;rodrigo-cortes.jpg;Rodrigo Cortés, rodrigocor7es;https://twitter.com/rodrigocor7es;;
159;Fernando Guillén Cuervo;;Fernando Guillén Cuervo, _FernandoGC_;https://twitter.com/_FernandoGC_;;
160;Ana Millán;ana-millan.jpg;Ana Millán, _ANAMILAN_;https://twitter.com/_ANAMILAN_;;
161;Verónica Sánchez;veronica-sanchez;Verónica Sánchez, Sanchez_Ver;https://twitter.com/Sanchez_Ver;;
162;Montxo Armendariz;;Montxo Armendariz, montxoarmendari;https://twitter.com/montxoarmendari;;
163;David Bustamente;;David Bustamente, David_Busta;https://twitter.com/David_Busta;;http://instagram.com/davibusta
164;Boris Izaguirre;;Boris Izaguirre, Borisizaguirre;https://twitter.com/Borisizaguirre;;
165;Bibiana Fernández;bibiana-fernandez.jpg;Bibiana Fernández, Devilisawoman;https://twitter.com/Devilisawoman;;http://instagram.com/thedevilisawoman
166;Malena Costa;;MalenaCosta;https://twitter.com/malenacosta7;;http://instagram.com/p/xlxHXcwTir/
167;Iván Sánchez;;Iván Sánchez, ivansanchezz_;https://twitter.com/ivansanchezz_;;http://instagram.com/ivansanchezcom
168;Elia Galera;elia-galera.jpg;Elia Galera, EliaGalera;https://twitter.com/EliaGalera;;
169;Pepino Marino;;Pepino Marino, Pepino_Marino;https://twitter.com/Pepino_Marino;;http://instagram.com/pepinomarino
170;Crawford;;Crawford, yosoycrawford;https://twitter.com/yosoycrawford;;http://instagram.com/yosoycrawford
171;Gorka Otxoa;;Gorka Otxoa, gorkaotxoa;https://twitter.com/gorkaotxoa;;
172;Félix Gómez;;Félix Gómez, FELIXGOMEZactor;https://twitter.com/FELIXGOMEZactor;;
173;Agustín Almodovar;;Agustín Almodovar, AgustinAlmo;https://twitter.com/AgustinAlmo;;
174;Silvia Alonso;;Silvia Alonso, Silvinha_ac;https://twitter.com/Silvinha_ac;;http://instagram.com/silvia__alonso
175;Antonio Velázquez;;Antonio Velázquez, Avelzquezb;https://twitter.com/Avelzquezb;;http://instagram.com/avelazquezb
176;Álvaro Cervantes;;Álvaro Cervantes, alvarocervan;https://twitter.com/alvarocervan;;
177;Nuria Gago;;Nuria Gago, NuriGago;https://twitter.com/NuriGago;;
178;Ana Fernández;;carlotagarcia89;https://twitter.com/carlotagarcia89;;http://instagram.com/carlotagarcia89
179;Ana Polvorosa;ana-polvorosa.jpg;lapolvorrosa;https://twitter.com/lapolvorrosa;;http://instagram.com/lapolvorrosa
180;Eduardo Casanova;eduardo-casanova.jpg;educasanova12;https://twitter.com/educasanova12;;http://instagram.com/eduardocasanova
181;Cecilia Gessa;;CeciliaGessa;https://twitter.com/CeciliaGessa;;http://instagram.com/ceciliagessa/
182;Mesala Films;;MesalaFilms;https://twitter.com/MesalaFilms;;
183;Leonor Watling;leonor-watling.jpg;LeonorWatling1;https://twitter.com/LeonorWatling1;;
184;Ana Fernández;;AFnandez;https://twitter.com/AFnandez;;
185;Rafa Muñoz;;munoz_rafa;https://twitter.com/munoz_rafa;;
186;Lolita Make Up Artist;;lolitamakeup;https://twitter.com/lolitamakeup;;http://instagram.com/lolitamakeup
187;Marta Larralde;;LaLarralde;https://twitter.com/LaLarralde;;http://instagram.com/lalarralde
188;Jairo Alonso;;jairoalonsoes;https://twitter.com/jairoalonsoes;;http://instagram.com/jairoalonsoes
189;Pilar Castro;;castropilar;https://twitter.com/castropilar;;
190;Paco Cabezas;;Paco_Cabezas;https://twitter.com/Paco_Cabezas;;
191;Daniel Galindo;;danielgalindo78;https://twitter.com/danielgalindo78;;
192;Fer de Luis-Orueta;;florueta;https://twitter.com/florueta;;
193;David Martos;;david_martos;https://twitter.com/david_martos;;http://instagram.com/david__martos
194;Irene Ortega;;ireneortegab;https://twitter.com/ireneortegab;;
195;RTVE;;rtve;https://twitter.com/rtve;;http://instagram.com/irtve
196;Penélope Cruz;;;;;
197;Grazia;;Grazia_es;https://twitter.com/Grazia_es;;http://instagram.com/grazia_es
198;Gloria Campos;;gcgdq;https://twitter.com/gcgdq;;
199;Hector Samblás;;HectorSamblas;https://twitter.com/HectorSamblas;;
200;Asociación de Creadores de la Moda;;CreadoresACME;https://twitter.com/CreadoresACME;;
201;Revista GQ;;GQSpain;https://twitter.com/GQSpain;;http://instagram.com/GQspain
202;Jose Luis Díez;;esmoquinroom;https://twitter.com/esmoquinroom;;http://instagram.com/esmoquinroom
203;Mariam Hernández;;Mariam_Hernan;https://twitter.com/Mariam_Hernan;;http://instagram.com/mariam_hernan
204;Paloma Molinero;;;;;
205;Roberto Verino;;Roberto_Verino;https://twitter.com/Roberto_Verino;;http://instagram.com/robertoverinooficial
206;Juanjo Oliva;;juanjooliva;https://twitter.com/juanjooliva;;http://instagram.com/juanjooliva
207;David Delfin;;davidelfin_co;https://twitter.com/davidelfin_co;;http://instagram.com/davidelfin_co
208;Ana Locking;;AnaLocking;https://twitter.com/AnaLocking;;http://instagram.com/AnaLocking
209;DevotayLomba;;devotaylomba;https://twitter.com/devotaylomba;;
210;Borja Cobeaga;;;https://twitter.com/borjacobeaga;;
211;Carles Francino;;;https://twitter.com/carles_francino;;
212;Adrian Rodriguez;;;https://twitter.com/adrirodriguez8;;
213;Begoña Maestre;;;https://twitter.com/BegonaMaestre_;;
214;Sr Paco Tomás;;;https://twitter.com/srpacotomas;;http://instagram.com/p/yCwbZ4R_hw/
215;Beatriz Peñalver;;;https://twitter.com/bepenalver;;http://instagram.com/bepenalver
216;Javier Reyes (peluquero);;;;;http://instagram.com/javierreyes1/
217;Lolita;;Lolita Flores;https://twitter.com/sarandonga55;;
218;Fran Perea;;;https://twitter.com/frnperea;;
219;miguel poveda;;Poveda;https://twitter.com/MPOVEDAOficial;;
220;Angeles Gonzalez Sinde;;Sinde;https://twitter.com/angelesgsr;;
221;Marta Hazas;;;https://twitter.com/Martahazas;;http://instagram.com/martahazas/
222;Daniel Guzman;;;https://twitter.com/_DaniGuzman_;;
223;Judith Colell;;;https://twitter.com/ColellJudith;;
224;Hiba Abouk;;;https://twitter.com/HibaAbouk;;
225;Celia Freijeiro;;;https://twitter.com/CeliaFreijeiro;;http://instagram.com/celiafreijeiro/
226;Blanca Romero;;;https://twitter.com/BlancaromeroE;;http://instagram.com/blancaromeroe/
227;Clara Lago;;;https://twitter.com/ClaraLago1;;
228;Adriana Ozores;;;https://twitter.com/LorraineSharp88;;
229;El Langui;;;https://twitter.com/Langui_Oficial;;
230;Ernesto Alterio;;;https://twitter.com/YoAlter;;
231;José Luis Cuerda;;;https://twitter.com/cuerda1936;;
232;Vogue España;;;https://twitter.com/VogueSpain;;http://instagram.com/voguespain
233;Vanity Fair;;;https://twitter.com/VanityFairSpain;;http://instagram.com/VanityFairSpain
234;Elle España;;;https://twitter.com/elle_es;;
235;Telva;;;https://twitter.com/telva;;http://instagram.com/Telva
236;Yodona;;;https://twitter.com/yo_dona;;http://instagram.com/Yodona
237;Ismael Recio;;;https://twitter.com/enbabia;;
238;Cosmopolitan;;;https://twitter.com/Cosmopolitan_es;;http://instagram.com/Cosmopolitan
239;Glamour España;;;https://twitter.com/GlamourSpain;;http://instagram.com/GlamourSpain
240;Fele Martínez;;;https://twitter.com/felemanypon;;
241;Pablo Carbonell;;;https://twitter.com/Carbonellsg;;
242;Carlos Santos;;;https://twitter.com/carlos_santos_r;;
243;Paco Tous;;;https://twitter.com/pacotous;;
244;Antonio Zabalburu;;;https://twitter.com/A_Zabalburu;;
245;Diana Palazón;;;https://twitter.com/PalazonDiana;;http://instagram.com/impalazon/
246;Luis Callejo;;;https://twitter.com/Luis_Callejo;;
247;William Miller;;;https://twitter.com/williammiller5;;
248;Irene Visedo;;;https://twitter.com/ivisedo;;
249;Pablo Derqui;;;https://twitter.com/PabloDerqui;;
250;Lujan Argüelles;;;https://twitter.com/LUJAN_AR;;
251;Nathalie Pozas;;;https://twitter.com/PozaNathalie;;
252;Premios Feroz;;;https://twitter.com/PremiosFeroz;;
253;MAS TVE;;;https://twitter.com/mas_TVE;;
254;GoyArggg;;;https://twitter.com/GoyArggg;;
255;Javier Bardem;;bardemoficial;https://twitter.com/bardemoficial;;